Nome da imagem,Data imagem,Placa ID,Localização,Latitude,Longitude,Nº femea,Nº macho,Nº mosca,Coord. femea,Coord. macho,Coord. mosca,Conf. femea,Conf. macho,Conf. mosca,Acum. semanal femea,Acum. mensal femea,Acum. placa femea,Acum. semanal macho,Acum. mensal macho,Acum. placa macho,Acum. semanal mosca,Acum. mensal mosca,Acum. placa mosca
image_20250722214925_ppp0.jpg,2025-07-22T20:49:32.892Z,PLACA_20250901092745,Beja,38.02035,-7.94715,0,0,0,,,"21586605-1864-472c-962b-0849227ca789:613,520,648,571",,,0.75,0,0,0,0,0,0,0,0,18
image_20250723115316_ppp0.jpg,2025-07-23T11:05:48.086Z,PLACA_20250723145134,Moura,38.06587,-7.221796,0,0,0,,,,,,,0,0,0,0,0,0,0,0,0
image_20250723120917_ppp0.jpg,2025-07-23T11:22:47.530Z,PLACA_20250723145134,Moura,38.06587,-7.221796,0,0,0,,,,,,,0,0,0,0,0,0,0,0,0
image_20250723122616_ppp0.jpg,2025-07-23T11:33:14.532Z,PLACA_20250723145134,Moura,38.06587,-7.221796,0,0,0,,,,,,,0,0,0,0,0,0,0,0,0
image_20250723123802_ppp0.jpg,2025-07-23T11:41:26.043Z,PLACA_20250723145134,Moura,38.06587,-7.221796,0,0,0,,,,,,,0,0,0,0,0,0,0,0,0
image_20250723105047_ppp0.jpg,2025-07-23T10:48:45.690Z,PLACA_20250723145134,Moura,38.06587,-7.221796,0,0,0,,,,,,,0,0,0,0,0,0,0,0,0
image_20250722172323_ppp0.jpg,2025-07-23T09:48:54.521Z,PLACA_20250723145134,Moura,38.06587,-7.221796,0,0,0,,,,,,,0,0,0,0,0,0,0,0,0
image_20250723090552_ppp0.jpg,2025-07-23T08:05:59.729Z,PLACA_20250901092745,Beja,38.02035,-7.94715,0,0,0,,,,,,,0,0,0,0,0,0,4,10,3
image_20250723214615_ppp0.jpg,2025-07-23T20:46:22.579Z,PLACA_20250901092745,Beja,38.02035,-7.94715,0,0,0,,,"88b46bfc-0d59-497d-aece-7f4ac68d48fc:866,618,905,668; 21586605-1864-472c-962b-0849227ca789:612,517,649,570; d7d8020b-1bb5-4ae8-8818-f69c525921e1:1011,138,1042,187",,,0.76; 0.75; 0.75,0,0,0,0,0,0,4,10,3
image_20250723090606_ppp0.jpg,2025-07-23T08:12:41.232Z,PLACA_20250901092745,Beja,38.02035,-7.94715,0,0,0,,,,,,,0,0,0,0,0,0,4,10,3
image_20250723090636_ppp0.jpg,2025-07-23T08:15:26.144Z,PLACA_20250901092745,Beja,38.02035,-7.94715,0,0,0,,,,,,,0,0,0,0,0,0,4,10,3
image_20250723090646_ppp0.jpg,2025-07-23T08:39:06.995Z,PLACA_20250901092745,Beja,38.02035,-7.94715,0,0,0,,,,,,,0,0,0,0,0,0,4,10,3
image_20250724091133_ppp0.jpg,2025-07-24T08:20:04.892Z,PLACA_20250901092745,Beja,38.02035,-7.94715,0,0,0,,,,,,,0,0,0,0,0,0,4,10,4
image_20250724212735_ppp0.jpg,2025-07-24T20:27:42.427Z,PLACA_20250901092745,Beja,38.02035,-7.94715,0,0,0,,,"88b46bfc-0d59-497d-aece-7f4ac68d48fc:867,615,907,668; c15d06e9-ed25-49b9-9f55-06f47cb09613:876,518,918,564; 21586605-1864-472c-962b-0849227ca789:614,515,651,568",,,0.76; 0.73; 0.73,0,0,0,0,0,0,4,10,4
image_20250724005018_ppp0.jpg,2025-07-24T06:40:18.083Z,PLACA_20250723145134,Moura,38.06587,-7.221796,0,0,0,,,,,,,0,0,0,0,0,0,0,0,0
image_20250725213457_ppp0.jpg,2025-07-25T20:35:04.940Z,PLACA_20250901092745,Beja,38.02035,-7.94715,0,0,0,,,"21586605-1864-472c-962b-0849227ca789:613,513,652,566; 88b46bfc-0d59-497d-aece-7f4ac68d48fc:864,613,910,668",,,0.72; 0.72,0,0,0,0,0,0,4,10,4
image_20250724074922_ppp0.jpg,2025-07-25T06:39:50.691Z,PLACA_20250723145134,Moura,38.06587,-7.221796,0,0,0,,,,,,,0,0,0,0,0,0,0,0,0
image_20250725092506_ppp0.jpg,2025-07-25T08:26:50.282Z,PLACA_20250901092745,Beja,38.02035,-7.94715,0,0,0,,,,,,,0,0,0,0,0,0,4,10,4
image_20250726092824_ppp0.jpg,2025-07-26T08:29:48.610Z,PLACA_20250901092745,Beja,38.02035,-7.94715,0,0,0,,,,,,,0,0,0,0,0,0,4,10,4
image_20250726092823_ppp0.jpg,2025-07-26T08:33:28.518Z,PLACA_20250901092745,Beja,38.02035,-7.94715,0,0,0,,,,,,,0,0,0,0,0,0,4,10,4
image_20250726093454_ppp0.jpg,2025-07-26T08:39:12.407Z,PLACA_20250901092745,Beja,38.02035,-7.94715,0,0,0,,,,,,,0,0,0,0,0,0,4,10,4
image_20250726214646_ppp0.jpg,2025-07-26T20:46:53.314Z,PLACA_20250901092745,Beja,38.02035,-7.94715,0,0,0,,,"88b46bfc-0d59-497d-aece-7f4ac68d48fc:866,614,909,663; c15d06e9-ed25-49b9-9f55-06f47cb09613:877,512,917,559",,,0.72; 0.71,0,0,0,0,0,0,4,10,4
image_20250726091319_ppp0.jpg,2025-07-26T08:28:10.152Z,PLACA_20250901092745,Beja,38.02035,-7.94715,0,0,0,,,,,,,0,0,0,0,0,0,4,10,4
image_20250725074849_ppp0.jpg,2025-07-26T06:39:08.323Z,PLACA_20250723145134,Moura,38.06587,-7.221796,0,0,0,,,,,,,0,0,0,0,0,0,0,0,0
image_20250727092535_ppp0.jpg,2025-07-27T20:30:59.865Z,PLACA_20250901092745,Beja,38.02035,-7.94715,0,0,1,,,"88b46bfc-0d59-497d-aece-7f4ac68d48fc:867,613,911,664; 21586605-1864-472c-962b-0849227ca789:615,512,652,564; c15d06e9-ed25-49b9-9f55-06f47cb09613:878,515,919,559",,,0.73; 0.73; 0.71,0,0,0,0,0,0,4,10,4
image_20250727091201_ppp0.jpg,2025-07-27T08:22:23.505Z,PLACA_20250901092745,Beja,38.02035,-7.94715,0,0,0,,,,,,,0,0,0,0,0,0,4,10,4
image_20250726074735_ppp0.jpg,2025-07-27T06:38:20.159Z,PLACA_20250723145134,Moura,38.06587,-7.221796,0,0,0,,,,,,,0,0,0,0,0,0,0,0,0
image_20250727074723_ppp0.jpg,2025-07-28T06:37:35.844Z,PLACA_20250723145134,Moura,38.06587,-7.221796,0,0,0,,,,,,,0,0,0,0,0,0,0,0,0
image_20250728074635_ppp0.jpg,2025-07-28T21:02:47.341Z,PLACA_20250723145134,Moura,38.06587,-7.221796,0,0,0,,,,,,,0,0,0,0,0,0,0,0,0
image_20250728214139_ppp0.jpg,2025-07-28T20:41:46.328Z,PLACA_20250901092745,Beja,38.02035,-7.94715,0,0,0,,,"eaac20e6-2842-4741-894d-5d4b35c27820:962,713,1006,765; 52428778-88a8-4a9a-88c5-eb3c1657fdd7:967,614,1002,659; 0ee5110c-3a0d-4aeb-aae4-c508544b4d04:702,633,740,690",,,0.76; 0.73; 0.72,0,0,0,0,0,0,7,10,7
image_20250728092620_ppp0.jpg,2025-07-28T08:33:29.397Z,PLACA_20250901092745,Beja,38.02035,-7.94715,0,0,0,,,,,,,0,0,0,0,0,0,7,10,7
image_20250728092606_ppp0.jpg,2025-07-28T08:26:13.911Z,PLACA_20250901092745,Beja,38.02035,-7.94715,0,0,0,,,,,,,0,0,0,0,0,0,7,10,7
image_20250729092757_ppp0.jpg,2025-07-29T08:31:00.443Z,PLACA_20250901092745,Beja,38.02035,-7.94715,0,0,0,,,,,,,0,0,0,0,0,0,7,10,8
image_20250729092611_ppp0.jpg,2025-07-29T08:27:05.030Z,PLACA_20250901092745,Beja,38.02035,-7.94715,0,0,0,,,,,,,0,0,0,0,0,0,7,10,8
image_20250729093154_ppp0.jpg,2025-07-29T08:35:46.951Z,PLACA_20250901092745,Beja,38.02035,-7.94715,0,0,0,,,,,,,0,0,0,0,0,0,7,10,8
image_20250729214355_ppp0.jpg,2025-07-29T20:44:03.272Z,PLACA_20250901092745,Beja,38.02035,-7.94715,0,0,0,,,"eaac20e6-2842-4741-894d-5d4b35c27820:962,712,1004,763; 21586605-1864-472c-962b-0849227ca789:623,457,665,505; 52428778-88a8-4a9a-88c5-eb3c1657fdd7:968,614,1001,658; 1d2dda41-4633-43b6-a337-07d3c8595923:1066,223,1103,276",,,0.76; 0.74; 0.73; 0.71,0,0,0,0,0,0,7,10,8
image_20250730214626_ppp0.jpg,2025-07-30T20:46:33.452Z,PLACA_20250901092745,Beja,38.02035,-7.94715,0,0,0,,,"eaac20e6-2842-4741-894d-5d4b35c27820:962,711,1005,761; 1d2dda41-4633-43b6-a337-07d3c8595923:1066,220,1102,275; fae27c17-a504-48df-8285-5741e3bcce0a:622,449,659,503; 0ee5110c-3a0d-4aeb-aae4-c508544b4d04:702,634,738,686; d89826eb-e7c8-45af-9bf1-fe955e8d379c:1253,848,1294,892; 52428778-88a8-4a9a-88c5-eb3c1657fdd7:967,613,1000,657",,,0.76; 0.75; 0.73; 0.72; 0.70; 0.70,0,0,0,0,0,0,7,10,10
image_20250730092934_ppp0.jpg,2025-07-30T08:33:44.937Z,PLACA_20250901092745,Beja,38.02035,-7.94715,0,0,0,,,,,,,0,0,0,0,0,0,7,10,10
image_20250730093725_ppp0.jpg,2025-07-30T08:38:29.123Z,PLACA_20250901092745,Beja,38.02035,-7.94715,0,0,0,,,,,,,0,0,0,0,0,0,7,10,10
image_20250730092903_ppp0.jpg,2025-07-30T08:35:49.986Z,PLACA_20250901092745,Beja,38.02035,-7.94715,0,0,0,,,,,,,0,0,0,0,0,0,7,10,10
image_20250731093022_ppp0.jpg,2025-07-31T08:33:26.251Z,PLACA_20250901092745,Beja,38.02035,-7.94715,0,0,0,,,,,,,0,0,0,0,0,0,7,10,10
image_20250731093052_ppp0.jpg,2025-07-31T08:35:55.222Z,PLACA_20250901092745,Beja,38.02035,-7.94715,0,0,0,,,,,,,0,0,0,0,0,0,7,10,10
image_20250731214349_ppp0.jpg,2025-07-31T20:43:57.164Z,PLACA_20250901092745,Beja,38.02035,-7.94715,0,0,0,,,"eaac20e6-2842-4741-894d-5d4b35c27820:961,711,1003,759; 0ee5110c-3a0d-4aeb-aae4-c508544b4d04:701,632,737,683; 1d2dda41-4633-43b6-a337-07d3c8595923:1066,219,1101,273; 52428778-88a8-4a9a-88c5-eb3c1657fdd7:965,612,1000,656",,,0.76; 0.75; 0.75; 0.75,0,0,0,0,0,0,7,10,10
image_20250731092345_ppp0.jpg,2025-07-31T08:27:57.594Z,PLACA_20250901092745,Beja,38.02035,-7.94715,0,0,0,,,,,,,0,0,0,0,0,0,7,10,10
image_20250731092259_ppp0.jpg,2025-07-31T08:23:06.837Z,PLACA_20250901092745,Beja,38.02035,-7.94715,0,0,0,,,,,,,0,0,0,0,0,0,7,10,10
image_20250731092820_ppp0.jpg,2025-07-31T08:29:58.385Z,PLACA_20250901092745,Beja,38.02035,-7.94715,0,0,0,,,,,,,0,0,0,0,0,0,7,10,10
image_20250801093554_ppp0.jpg,2025-08-01T08:36:47.825Z,PLACA_20250901092745,Beja,38.02035,-7.94715,0,0,0,,,,,,,0,0,0,0,0,0,7,8,10
image_20250801093508_ppp0.jpg,2025-08-01T08:35:15.681Z,PLACA_20250901092745,Beja,38.02035,-7.94715,0,0,0,,,,,,,0,0,0,0,0,0,7,8,10
image_20250801094342_ppp0.jpg,2025-08-01T20:49:00.887Z,PLACA_20250901092745,Beja,38.02035,-7.94715,0,0,0,,,"eaac20e6-2842-4741-894d-5d4b35c27820:961,710,1002,758; 52428778-88a8-4a9a-88c5-eb3c1657fdd7:964,609,1000,656; 1d2dda41-4633-43b6-a337-07d3c8595923:1065,218,1101,273; 0ee5110c-3a0d-4aeb-aae4-c508544b4d04:702,631,737,681",,,0.75; 0.75; 0.75; 0.73,0,0,0,0,0,0,7,8,10
image_20250802092920_ppp0.jpg,2025-08-02T08:31:30.052Z,PLACA_20250901092745,Beja,38.02035,-7.94715,0,0,0,,,,,,,0,0,0,0,0,0,7,8,10
image_20250802092437_ppp0.jpg,2025-08-02T08:28:24.783Z,PLACA_20250901092745,Beja,38.02035,-7.94715,0,0,0,,,,,,,0,0,0,0,0,0,7,8,10
image_20250802092327_ppp0.jpg,2025-08-02T08:23:34.187Z,PLACA_20250901092745,Beja,38.02035,-7.94715,0,0,0,,,,,,,0,0,0,0,0,0,7,8,10
image_20250802213921_ppp0.jpg,2025-08-02T20:39:28.262Z,PLACA_20250901092745,Beja,38.02035,-7.94715,0,0,0,,,"eaac20e6-2842-4741-894d-5d4b35c27820:960,709,1001,757; 52428778-88a8-4a9a-88c5-eb3c1657fdd7:963,608,1000,655; 1d2dda41-4633-43b6-a337-07d3c8595923:1065,218,1101,271",,,0.75; 0.73; 0.71,0,0,0,0,0,0,7,8,10
image_20250803092617_ppp0.jpg,2025-08-03T08:28:16.046Z,PLACA_20250901092745,Beja,38.02035,-7.94715,0,0,0,,,,,,,0,0,0,0,0,0,7,8,11
image_20250803214324_ppp0.jpg,2025-08-03T20:43:31.546Z,PLACA_20250901092745,Beja,38.02035,-7.94715,0,0,1,,,"eaac20e6-2842-4741-894d-5d4b35c27820:960,706,1000,757; 1d2dda41-4633-43b6-a337-07d3c8595923:1065,216,1101,271; 8e2870c5-6674-41d8-98d9-b92370d9c74e:1022,360,1064,412",,,0.76; 0.75; 0.74,0,0,0,0,0,0,7,8,11
image_20250803092911_ppp0.jpg,2025-08-03T08:34:37.908Z,PLACA_20250901092745,Beja,38.02035,-7.94715,0,0,0,,,,,,,0,0,0,0,0,0,7,8,11
image_20250804093347_ppp0.jpg,2025-08-04T08:35:30.887Z,PLACA_20250901092745,Beja,38.02035,-7.94715,0,0,0,,,,,,,0,0,0,0,0,0,5,8,11
image_20250804092924_ppp0.jpg,2025-08-04T08:30:26.695Z,PLACA_20250901092745,Beja,38.02035,-7.94715,0,0,0,,,,,,,0,0,0,0,0,0,5,8,11
image_20250804093101_ppp0.jpg,2025-08-04T08:32:52.317Z,PLACA_20250901092745,Beja,38.02035,-7.94715,0,0,0,,,,,,,0,0,0,0,0,0,5,8,11
image_20250804093554_ppp0.jpg,2025-08-04T08:38:54.344Z,PLACA_20250901092745,Beja,38.02035,-7.94715,0,0,0,,,,,,,0,0,0,0,0,0,5,8,11
image_20250804093918_ppp0.jpg,2025-08-04T08:42:21.040Z,PLACA_20250901092745,Beja,38.02035,-7.94715,0,0,0,,,,,,,0,0,0,0,0,0,5,8,11
image_20250804093916_ppp0.jpg,2025-08-04T08:41:03.767Z,PLACA_20250901092745,Beja,38.02035,-7.94715,0,0,0,,,,,,,0,0,0,0,0,0,5,8,11
image_20250804215006_ppp0.jpg,2025-08-04T20:50:13.617Z,PLACA_20250901092745,Beja,38.02035,-7.94715,0,0,0,,,"eaac20e6-2842-4741-894d-5d4b35c27820:959,706,1002,758; 1d2dda41-4633-43b6-a337-07d3c8595923:1064,215,1103,272; 52428778-88a8-4a9a-88c5-eb3c1657fdd7:962,606,999,654",,,0.74; 0.74; 0.70,0,0,0,0,0,0,5,8,11
image_20250805092529_ppp0.jpg,2025-08-05T08:28:15.859Z,PLACA_20250901092745,Beja,38.02035,-7.94715,0,0,0,,,,,,,0,0,0,0,0,0,5,8,11
image_20250805092955_ppp0.jpg,2025-08-05T08:31:29.812Z,PLACA_20250901092745,Beja,38.02035,-7.94715,0,0,0,,,,,,,0,0,0,0,0,0,5,8,11
image_20250805092443_ppp0.jpg,2025-08-05T08:24:50.428Z,PLACA_20250901092745,Beja,38.02035,-7.94715,0,0,0,,,,,,,0,0,0,0,0,0,5,8,11
image_20250805213947_ppp0.jpg,2025-08-05T20:39:54.299Z,PLACA_20250901092745,Beja,38.02035,-7.94715,0,0,0,,,"eaac20e6-2842-4741-894d-5d4b35c27820:958,704,1001,756; 1d2dda41-4633-43b6-a337-07d3c8595923:1065,214,1101,268",,,0.75; 0.74,0,0,0,0,0,0,5,8,11
image_20250806110510_ppp0.jpg,2025-08-06T10:11:10.141Z,PLACA_20250901092745,Beja,38.02035,-7.94715,0,0,0,,,"0ee5110c-3a0d-4aeb-aae4-c508544b4d04:697,629,734,679; 52428778-88a8-4a9a-88c5-eb3c1657fdd7:964,608,998,654; eaac20e6-2842-4741-894d-5d4b35c27820:960,711,1002,757; 91488a7a-6ee8-4952-a233-89b7549c96cc:1371,396,1416,442; 6443a4bc-8362-4369-aa88-23e12702161f:1097,333,1141,376",,,0.74; 0.73; 0.73; 0.71; 0.71,0,0,0,0,0,0,5,8,13
image_20250807111344_ppp0.jpg,2025-08-07T10:15:16.476Z,PLACA_20250901092745,Beja,38.02035,-7.94715,0,0,0,,,"21586605-1864-472c-962b-0849227ca789:642,530,686,576; eaac20e6-2842-4741-894d-5d4b35c27820:957,707,1000,759; 0ee5110c-3a0d-4aeb-aae4-c508544b4d04:695,626,730,677; 52428778-88a8-4a9a-88c5-eb3c1657fdd7:961,608,998,653; 91488a7a-6ee8-4952-a233-89b7549c96cc:1370,394,1415,441; 6443a4bc-8362-4369-aa88-23e12702161f:1096,333,1138,374; 31fa1883-a0ff-4e1a-a498-ccc4b57241f4:794,481,831,526",,,0.75; 0.74; 0.73; 0.73; 0.73; 0.72; 0.71,0,0,0,0,0,0,5,8,14
image_20250807111026_ppp0.jpg,2025-08-07T10:12:19.090Z,PLACA_20250901092745,Beja,38.02035,-7.94715,0,0,0,,,"21586605-1864-472c-962b-0849227ca789:641,529,688,576; eaac20e6-2842-4741-894d-5d4b35c27820:957,707,1001,759; 52428778-88a8-4a9a-88c5-eb3c1657fdd7:961,608,998,653; 91488a7a-6ee8-4952-a233-89b7549c96cc:1371,394,1414,441; 6443a4bc-8362-4369-aa88-23e12702161f:1095,333,1138,375; 0ee5110c-3a0d-4aeb-aae4-c508544b4d04:694,625,731,679",,,0.75; 0.74; 0.73; 0.73; 0.72; 0.72,0,0,0,0,0,0,5,8,14
image_20250807110716_ppp0.jpg,2025-08-07T10:09:30.724Z,PLACA_20250901092745,Beja,38.02035,-7.94715,0,0,0,,,"21586605-1864-472c-962b-0849227ca789:641,530,686,576; 91488a7a-6ee8-4952-a233-89b7549c96cc:1370,394,1415,441; eaac20e6-2842-4741-894d-5d4b35c27820:957,706,1001,760; 0ee5110c-3a0d-4aeb-aae4-c508544b4d04:695,626,730,677; 52428778-88a8-4a9a-88c5-eb3c1657fdd7:959,607,998,654; 6443a4bc-8362-4369-aa88-23e12702161f:1096,332,1138,374; 31fa1883-a0ff-4e1a-a498-ccc4b57241f4:793,481,831,527",,,0.76; 0.75; 0.74; 0.72; 0.72; 0.71; 0.71,0,0,0,0,0,0,5,8,14
image_20250807111728_ppp0.jpg,2025-08-07T10:18:58.116Z,PLACA_20250901092745,Beja,38.02035,-7.94715,0,0,0,,,"21586605-1864-472c-962b-0849227ca789:642,530,686,574; 52428778-88a8-4a9a-88c5-eb3c1657fdd7:962,607,997,652; eaac20e6-2842-4741-894d-5d4b35c27820:958,708,1000,755; 91488a7a-6ee8-4952-a233-89b7549c96cc:1370,395,1415,441; 0ee5110c-3a0d-4aeb-aae4-c508544b4d04:695,627,730,677; 6443a4bc-8362-4369-aa88-23e12702161f:1095,334,1138,374; 31fa1883-a0ff-4e1a-a498-ccc4b57241f4:794,481,830,525",,,0.75; 0.74; 0.73; 0.73; 0.73; 0.72; 0.70,0,0,0,0,0,0,5,8,14
image_20250807111314_ppp0.jpg,2025-08-07T10:17:06.019Z,PLACA_20250901092745,Beja,38.02035,-7.94715,0,0,0,,,"21586605-1864-472c-962b-0849227ca789:643,531,686,575; 91488a7a-6ee8-4952-a233-89b7549c96cc:1370,394,1415,441; 52428778-88a8-4a9a-88c5-eb3c1657fdd7:961,608,998,652; eaac20e6-2842-4741-894d-5d4b35c27820:958,707,1000,759; 0ee5110c-3a0d-4aeb-aae4-c508544b4d04:696,626,730,677; 6443a4bc-8362-4369-aa88-23e12702161f:1096,333,1138,375; 31fa1883-a0ff-4e1a-a498-ccc4b57241f4:794,481,830,526",,,0.76; 0.74; 0.74; 0.74; 0.73; 0.73; 0.72,0,0,0,0,0,0,5,8,14
image_20250807110238_ppp0.jpg,2025-08-07T10:06:53.279Z,PLACA_20250901092745,Beja,38.02035,-7.94715,0,0,0,,,"21586605-1864-472c-962b-0849227ca789:641,530,687,575; eaac20e6-2842-4741-894d-5d4b35c27820:956,706,1001,760; 91488a7a-6ee8-4952-a233-89b7549c96cc:1370,394,1414,442; 52428778-88a8-4a9a-88c5-eb3c1657fdd7:960,607,998,654; 0ee5110c-3a0d-4aeb-aae4-c508544b4d04:695,626,730,678; 6443a4bc-8362-4369-aa88-23e12702161f:1095,332,1138,375; 31fa1883-a0ff-4e1a-a498-ccc4b57241f4:793,481,831,527",,,0.76; 0.74; 0.73; 0.73; 0.73; 0.72; 0.71,0,0,0,0,0,0,5,8,14
image_20250808100836_ppp0.jpg,2025-08-08T09:11:28.758Z,PLACA_20250901092745,Beja,38.02035,-7.94715,0,0,0,,,"21586605-1864-472c-962b-0849227ca789:639,530,685,572; 6443a4bc-8362-4369-aa88-23e12702161f:1094,332,1139,371",,,0.74; 0.71,0,0,0,0,0,0,5,8,16
image_20250808221835_ppp0.jpg,2025-08-08T21:18:43.052Z,PLACA_20250901092745,Beja,38.02035,-7.94715,0,0,0,,,"eaac20e6-2842-4741-894d-5d4b35c27820:956,703,997,753; b7fb2d0e-3825-4a3f-bb9a-099be2bd9d43:1182,405,1231,455; 89910467-98b1-4601-b1bc-5ed663a2e8b6:819,160,858,215; 1d2dda41-4633-43b6-a337-07d3c8595923:1061,213,1101,267; 21586605-1864-472c-962b-0849227ca789:638,526,686,572; fae27c17-a504-48df-8285-5741e3bcce0a:617,435,654,488; 52428778-88a8-4a9a-88c5-eb3c1657fdd7:958,603,995,650",,,0.76; 0.76; 0.75; 0.74; 0.74; 0.72; 0.71,0,0,0,0,0,0,5,8,16
image_20250808100711_ppp0.jpg,2025-08-08T09:07:18.803Z,PLACA_20250901092745,Beja,38.02035,-7.94715,0,0,1,,,"21586605-1864-472c-962b-0849227ca789:639,529,685,573; b7fb2d0e-3825-4a3f-bb9a-099be2bd9d43:1182,409,1232,451; 6443a4bc-8362-4369-aa88-23e12702161f:1095,332,1137,374; 91488a7a-6ee8-4952-a233-89b7549c96cc:1368,394,1415,440; eaac20e6-2842-4741-894d-5d4b35c27820:955,708,1000,759; 31fa1883-a0ff-4e1a-a498-ccc4b57241f4:792,479,831,527; 52428778-88a8-4a9a-88c5-eb3c1657fdd7:958,606,998,651",,,0.75; 0.75; 0.74; 0.73; 0.73; 0.72; 0.71,0,0,0,0,0,0,5,8,16
image_20250809092049_ppp0.jpg,2025-08-09T08:21:55.728Z,PLACA_20250901092745,Beja,38.02035,-7.94715,0,0,0,,,,,,,0,0,0,0,0,0,5,8,16
image_20250809213702_ppp0.jpg,2025-08-09T20:37:09.495Z,PLACA_20250901092745,Beja,38.02035,-7.94715,0,0,0,,,"b7fb2d0e-3825-4a3f-bb9a-099be2bd9d43:1181,403,1231,455; eaac20e6-2842-4741-894d-5d4b35c27820:956,703,998,753; 89910467-98b1-4601-b1bc-5ed663a2e8b6:820,159,854,211; 21586605-1864-472c-962b-0849227ca789:640,525,686,574; fae27c17-a504-48df-8285-5741e3bcce0a:618,433,654,488; 1d2dda41-4633-43b6-a337-07d3c8595923:1063,211,1101,265; d89826eb-e7c8-45af-9bf1-fe955e8d379c:1248,840,1285,885; 52428778-88a8-4a9a-88c5-eb3c1657fdd7:959,602,995,649",,,0.76; 0.75; 0.75; 0.74; 0.73; 0.73; 0.71; 0.71,0,0,0,0,0,0,5,8,16
image_20250809091931_ppp0.jpg,2025-08-09T08:19:38.143Z,PLACA_20250901092745,Beja,38.02035,-7.94715,0,0,0,,,,,,,0,0,0,0,0,0,5,8,16
image_20250809092218_ppp0.jpg,2025-08-09T08:27:36.348Z,PLACA_20250901092745,Beja,38.02035,-7.94715,0,0,0,,,,,,,0,0,0,0,0,0,5,8,16
image_20250810092236_ppp0.jpg,2025-08-10T08:25:14.934Z,PLACA_20250901092745,Beja,38.02035,-7.94715,0,0,0,,,,,,,0,0,0,0,0,0,5,8,16
image_20250810093703_ppp0.jpg,2025-08-10T20:41:42.186Z,PLACA_20250901092745,Beja,38.02035,-7.94715,0,0,0,,,"b7fb2d0e-3825-4a3f-bb9a-099be2bd9d43:1181,403,1231,454; eaac20e6-2842-4741-894d-5d4b35c27820:956,702,998,753; 91488a7a-6ee8-4952-a233-89b7549c96cc:1368,387,1415,440; fae27c17-a504-48df-8285-5741e3bcce0a:619,433,653,487; 21586605-1864-472c-962b-0849227ca789:641,525,686,574; 1d2dda41-4633-43b6-a337-07d3c8595923:1064,209,1102,266",,,0.75; 0.75; 0.74; 0.73; 0.73; 0.72,0,0,0,0,0,0,5,8,16
image_20250810092048_ppp0.jpg,2025-08-10T08:20:55.851Z,PLACA_20250901092745,Beja,38.02035,-7.94715,0,0,0,,,,,,,0,0,0,0,0,0,5,8,16
image_20250810092640_ppp0.jpg,2025-08-10T08:33:51.504Z,PLACA_20250901092745,Beja,38.02035,-7.94715,0,0,0,,,,,,,0,0,0,0,0,0,5,8,16
image_20250811093732_ppp0.jpg,2025-08-11T08:38:11.567Z,PLACA_20250901092745,Beja,38.02035,-7.94715,0,0,0,,,,,,,0,0,0,0,0,0,0,8,16
image_20250811093047_ppp0.jpg,2025-08-11T08:30:54.305Z,PLACA_20250901092745,Beja,38.02035,-7.94715,0,0,0,,,,,,,0,0,0,0,0,0,0,8,16
image_20250811093100_ppp0.jpg,2025-08-11T08:32:09.233Z,PLACA_20250901092745,Beja,38.02035,-7.94715,0,0,0,,,,,,,0,0,0,0,0,0,0,8,16
image_20250811214601_ppp0.jpg,2025-08-11T20:46:08.263Z,PLACA_20250901092745,Beja,38.02035,-7.94715,0,0,0,,,"b7fb2d0e-3825-4a3f-bb9a-099be2bd9d43:1181,404,1231,455; eaac20e6-2842-4741-894d-5d4b35c27820:957,702,999,752; 21586605-1864-472c-962b-0849227ca789:642,525,687,574; 1d2dda41-4633-43b6-a337-07d3c8595923:1064,210,1102,266; d89826eb-e7c8-45af-9bf1-fe955e8d379c:1249,841,1286,886; 52428778-88a8-4a9a-88c5-eb3c1657fdd7:959,602,996,649; 0ee5110c-3a0d-4aeb-aae4-c508544b4d04:696,621,732,677",,,0.75; 0.75; 0.73; 0.73; 0.72; 0.71; 0.71,0,0,0,0,0,0,0,8,16
image_20250812093102_ppp0.jpg,2025-08-12T08:32:41.872Z,PLACA_20250901092745,Beja,38.02035,-7.94715,0,0,0,,,,,,,0,0,0,0,0,0,0,8,16
image_20250812093517_ppp0.jpg,2025-08-12T08:36:53.972Z,PLACA_20250901092745,Beja,38.02035,-7.94715,0,0,0,,,,,,,0,0,0,0,0,0,0,8,16
image_20250812093304_ppp0.jpg,2025-08-12T08:34:14.119Z,PLACA_20250901092745,Beja,38.02035,-7.94715,0,0,0,,,,,,,0,0,0,0,0,0,0,8,16
image_20250812091056_ppp0.jpg,2025-08-12T08:16:52.556Z,PLACA_20250901092745,Beja,38.02035,-7.94715,0,0,0,,,,,,,0,0,0,0,0,0,0,8,16
image_20250812214414_ppp0.jpg,2025-08-12T20:44:21.759Z,PLACA_20250901092745,Beja,38.02035,-7.94715,0,0,1,,,"b7fb2d0e-3825-4a3f-bb9a-099be2bd9d43:1182,404,1231,455; eaac20e6-2842-4741-894d-5d4b35c27820:958,703,998,754; 1d2dda41-4633-43b6-a337-07d3c8595923:1065,211,1102,265; 21586605-1864-472c-962b-0849227ca789:642,525,687,575; 91488a7a-6ee8-4952-a233-89b7549c96cc:1369,388,1415,438; 52428778-88a8-4a9a-88c5-eb3c1657fdd7:959,603,996,650",,,0.76; 0.76; 0.73; 0.73; 0.72; 0.71,0,0,0,0,0,0,0,8,16
image_20250812092446_ppp0.jpg,2025-08-12T08:25:55.938Z,PLACA_20250901092745,Beja,38.02035,-7.94715,0,0,0,,,,,,,0,0,0,0,0,0,0,8,16
image_20250813092650_ppp0.jpg,2025-08-13T08:27:30.441Z,PLACA_20250901092745,Beja,38.02035,-7.94715,0,0,0,,,,,,,0,0,0,0,0,0,0,8,16
image_20250813213547_ppp0.jpg,2025-08-13T20:35:54.907Z,PLACA_20250901092745,Beja,38.02035,-7.94715,0,0,0,,,"b7fb2d0e-3825-4a3f-bb9a-099be2bd9d43:1182,404,1231,455; 21586605-1864-472c-962b-0849227ca789:640,525,686,573; eaac20e6-2842-4741-894d-5d4b35c27820:957,703,997,753; d89826eb-e7c8-45af-9bf1-fe955e8d379c:1249,842,1285,885; fae27c17-a504-48df-8285-5741e3bcce0a:619,433,653,488; 1d2dda41-4633-43b6-a337-07d3c8595923:1065,211,1101,265",,,0.76; 0.75; 0.75; 0.74; 0.73; 0.73,0,0,0,0,0,0,0,8,16
image_20250814091752_ppp0.jpg,2025-08-14T08:28:29.843Z,PLACA_20250901092745,Beja,38.02035,-7.94715,0,0,0,,,,,,,0,0,0,0,0,0,0,8,16
image_20250814091801_ppp0.jpg,2025-08-14T08:31:53.660Z,PLACA_20250901092745,Beja,38.02035,-7.94715,0,0,0,,,,,,,0,0,0,0,0,0,0,8,16
image_20250814091022_ppp0.jpg,2025-08-14T08:10:29.792Z,PLACA_20250901092745,Beja,38.02035,-7.94715,0,0,0,,,,,,,0,0,0,0,0,0,0,8,16
image_20250814091147_ppp0.jpg,2025-08-14T08:16:39.066Z,PLACA_20250901092745,Beja,38.02035,-7.94715,0,0,0,,,,,,,0,0,0,0,0,0,0,8,16
image_20250814213850_ppp0.jpg,2025-08-14T20:38:57.167Z,PLACA_20250901092745,Beja,38.02035,-7.94715,0,0,0,,,"b7fb2d0e-3825-4a3f-bb9a-099be2bd9d43:1182,404,1230,458; eaac20e6-2842-4741-894d-5d4b35c27820:957,703,998,753; 1d2dda41-4633-43b6-a337-07d3c8595923:1064,211,1101,267; 21586605-1864-472c-962b-0849227ca789:643,525,686,574; fae27c17-a504-48df-8285-5741e3bcce0a:619,435,653,488; d89826eb-e7c8-45af-9bf1-fe955e8d379c:1250,841,1285,885; 0ee5110c-3a0d-4aeb-aae4-c508544b4d04:698,623,731,676",,,0.76; 0.75; 0.74; 0.74; 0.73; 0.71; 0.70,0,0,0,0,0,0,0,8,16
image_20250815212444_ppp0.jpg,2025-08-15T20:24:51.094Z,PLACA_20250901092745,Beja,38.02035,-7.94715,0,0,0,,,"b7fb2d0e-3825-4a3f-bb9a-099be2bd9d43:1183,403,1231,457; eaac20e6-2842-4741-894d-5d4b35c27820:957,704,998,755; 21586605-1864-472c-962b-0849227ca789:641,526,685,574; 1d2dda41-4633-43b6-a337-07d3c8595923:1064,211,1101,266; fae27c17-a504-48df-8285-5741e3bcce0a:619,435,653,488",,,0.76; 0.75; 0.73; 0.73; 0.71,0,0,0,0,0,0,0,8,16
image_20250815091634_ppp0.jpg,2025-08-15T08:16:41.246Z,PLACA_20250901092745,Beja,38.02035,-7.94715,0,0,0,,,,,,,0,0,0,0,0,0,0,8,16
image_20250816213415_ppp0.jpg,2025-08-16T20:34:22.340Z,PLACA_20250901092745,Beja,38.02035,-7.94715,0,0,0,,,"b7fb2d0e-3825-4a3f-bb9a-099be2bd9d43:1183,401,1230,457; eaac20e6-2842-4741-894d-5d4b35c27820:957,703,998,754; 21586605-1864-472c-962b-0849227ca789:642,525,686,574; 1d2dda41-4633-43b6-a337-07d3c8595923:1065,211,1102,267; 89910467-98b1-4601-b1bc-5ed663a2e8b6:818,161,858,215",,,0.76; 0.75; 0.74; 0.74; 0.71,0,0,0,0,0,0,0,8,16
image_20250816091739_ppp0.jpg,2025-08-16T08:21:32.938Z,PLACA_20250901092745,Beja,38.02035,-7.94715,0,0,0,,,,,,,0,0,0,0,0,0,0,8,16
image_20250816092258_ppp0.jpg,2025-08-16T08:26:16.127Z,PLACA_20250901092745,Beja,38.02035,-7.94715,0,0,0,,,,,,,0,0,0,0,0,0,0,8,16
image_20250817091818_ppp0.jpg,2025-08-17T08:18:25.395Z,PLACA_20250901092745,Beja,38.02035,-7.94715,0,0,0,,,,,,,0,0,0,0,0,0,0,8,16
image_20250817213827_ppp0.jpg,2025-08-17T20:38:34.826Z,PLACA_20250901092745,Beja,38.02035,-7.94715,0,0,0,,,"b7fb2d0e-3825-4a3f-bb9a-099be2bd9d43:1182,402,1230,457; eaac20e6-2842-4741-894d-5d4b35c27820:957,703,998,754; 21586605-1864-472c-962b-0849227ca789:643,524,686,573; 1d2dda41-4633-43b6-a337-07d3c8595923:1064,211,1101,267; fae27c17-a504-48df-8285-5741e3bcce0a:620,434,654,489; d89826eb-e7c8-45af-9bf1-fe955e8d379c:1250,841,1285,886",,,0.77; 0.76; 0.74; 0.74; 0.72; 0.72,0,0,0,0,0,0,0,8,16
image_20250817092211_ppp0.jpg,2025-08-17T08:24:31.635Z,PLACA_20250901092745,Beja,38.02035,-7.94715,0,0,0,,,,,,,0,0,0,0,0,0,0,8,16
image_20250817091904_ppp0.jpg,2025-08-17T08:21:48.496Z,PLACA_20250901092745,Beja,38.02035,-7.94715,0,0,0,,,,,,,0,0,0,0,0,0,0,8,16
image_20250817092524_ppp0.jpg,2025-08-17T08:26:33.250Z,PLACA_20250901092745,Beja,38.02035,-7.94715,0,0,0,,,,,,,0,0,0,0,0,0,0,8,16
image_20250817214051_ppp0.jpg,2025-08-18T08:28:50.526Z,PLACA_20250901092745,Beja,38.02035,-7.94715,0,0,0,,,"21586605-1864-472c-962b-0849227ca789:640,529,684,568",,,0.74,0,0,0,0,0,0,0,8,16
image_20250818213620_ppp0.jpg,2025-08-18T20:36:28.138Z,PLACA_20250901092745,Beja,38.02035,-7.94715,0,0,1,,,"eaac20e6-2842-4741-894d-5d4b35c27820:957,704,998,754; b7fb2d0e-3825-4a3f-bb9a-099be2bd9d43:1182,401,1230,456; 21586605-1864-472c-962b-0849227ca789:640,525,685,572; fae27c17-a504-48df-8285-5741e3bcce0a:620,439,652,486; 1d2dda41-4633-43b6-a337-07d3c8595923:1063,212,1101,265; d89826eb-e7c8-45af-9bf1-fe955e8d379c:1250,843,1285,886",,,0.76; 0.75; 0.75; 0.74; 0.74; 0.71,0,0,0,0,0,0,0,8,16
image_20250819095012_ppp0.jpg,2025-08-19T08:51:10.684Z,PLACA_20250901092745,Beja,38.02035,-7.94715,0,0,0,,,,,,,0,0,0,0,0,0,0,8,16
image_20250819093432_ppp0.jpg,2025-08-19T08:43:09.248Z,PLACA_20250901092745,Beja,38.02035,-7.94715,0,0,0,,,"21586605-1864-472c-962b-0849227ca789:640,530,684,567",,,0.76,0,0,0,0,0,0,0,8,16
image_20250819215905_ppp0.jpg,2025-08-19T20:59:12.615Z,PLACA_20250901092745,Beja,38.02035,-7.94715,0,0,0,,,"eaac20e6-2842-4741-894d-5d4b35c27820:956,704,997,754; b7fb2d0e-3825-4a3f-bb9a-099be2bd9d43:1181,402,1229,456; 21586605-1864-472c-962b-0849227ca789:640,526,685,571; 1d2dda41-4633-43b6-a337-07d3c8595923:1064,211,1100,265; 52428778-88a8-4a9a-88c5-eb3c1657fdd7:959,602,994,648; 89910467-98b1-4601-b1bc-5ed663a2e8b6:819,161,855,211",,,0.76; 0.75; 0.74; 0.73; 0.71; 0.71,0,0,0,0,0,0,0,8,16
image_20250819092702_ppp0.jpg,2025-08-19T08:27:09.600Z,PLACA_20250901092745,Beja,38.02035,-7.94715,0,0,0,,,"21586605-1864-472c-962b-0849227ca789:639,529,683,568",,,0.75,0,0,0,0,0,0,0,8,16
image_20250819092849_ppp0.jpg,2025-08-19T08:31:30.919Z,PLACA_20250901092745,Beja,38.02035,-7.94715,0,0,0,,,"21586605-1864-472c-962b-0849227ca789:640,530,683,567",,,0.75,0,0,0,0,0,0,0,8,16
image_20250819094523_ppp0.jpg,2025-08-19T08:49:49.918Z,PLACA_20250901092745,Beja,38.02035,-7.94715,0,0,0,,,"21586605-1864-472c-962b-0849227ca789:640,530,683,567",,,0.76,0,0,0,0,0,0,0,8,16
image_20250819093226_ppp0.jpg,2025-08-19T08:34:08.836Z,PLACA_20250901092745,Beja,38.02035,-7.94715,0,0,0,,,"21586605-1864-472c-962b-0849227ca789:640,530,683,567; eaac20e6-2842-4741-894d-5d4b35c27820:956,711,996,749",,,0.75; 0.70,0,0,0,0,0,0,0,8,16
image_20250820093003_ppp0.jpg,2025-08-20T08:35:09.673Z,PLACA_20250901092745,Beja,38.02035,-7.94715,0,0,0,,,"21586605-1864-472c-962b-0849227ca789:641,529,687,570",,,0.71,0,0,0,0,0,0,0,8,16
image_20250820092446_ppp0.jpg,2025-08-20T08:27:20.183Z,PLACA_20250901092745,Beja,38.02035,-7.94715,0,0,0,,,,,,,0,0,0,0,0,0,0,8,16
image_20250820214316_ppp0.jpg,2025-08-20T20:43:23.496Z,PLACA_20250901092745,Beja,38.02035,-7.94715,0,0,0,,,"eaac20e6-2842-4741-894d-5d4b35c27820:956,704,997,752; b7fb2d0e-3825-4a3f-bb9a-099be2bd9d43:1181,402,1229,455; 21586605-1864-472c-962b-0849227ca789:640,525,685,570; 1d2dda41-4633-43b6-a337-07d3c8595923:1064,211,1100,265; 89910467-98b1-4601-b1bc-5ed663a2e8b6:819,161,855,210; 52428778-88a8-4a9a-88c5-eb3c1657fdd7:960,602,994,647",,,0.77; 0.74; 0.74; 0.73; 0.72; 0.71,0,0,0,0,0,0,0,8,16
image_20250820092815_ppp0.jpg,2025-08-20T08:29:08.407Z,PLACA_20250901092745,Beja,38.02035,-7.94715,0,0,0,,,"21586605-1864-472c-962b-0849227ca789:641,529,685,569",,,0.71,0,0,0,0,0,0,0,8,16
image_20250820091440_ppp0.jpg,2025-08-20T08:18:31.458Z,PLACA_20250901092745,Beja,38.02035,-7.94715,0,0,0,,,,,,,0,0,0,0,0,0,0,8,16
image_20250820092006_ppp0.jpg,2025-08-20T08:24:32.814Z,PLACA_20250901092745,Beja,38.02035,-7.94715,0,0,0,,,,,,,0,0,0,0,0,0,0,8,16
image_20250821093154_ppp0.jpg,2025-08-21T08:32:50.520Z,PLACA_20250901092745,Beja,38.02035,-7.94715,0,0,0,,,,,,,0,0,0,0,0,0,0,8,16
image_20250821092222_ppp0.jpg,2025-08-21T08:25:56.359Z,PLACA_20250901092745,Beja,38.02035,-7.94715,0,0,0,,,,,,,0,0,0,0,0,0,0,8,16
image_20250821091433_ppp0.jpg,2025-08-21T08:14:40.693Z,PLACA_20250901092745,Beja,38.02035,-7.94715,0,0,0,,,"21586605-1864-472c-962b-0849227ca789:639,530,684,567; eaac20e6-2842-4741-894d-5d4b35c27820:954,709,998,750",,,0.75; 0.73,0,0,0,0,0,0,0,8,16
image_20250821214047_ppp0.jpg,2025-08-21T20:40:54.524Z,PLACA_20250901092745,Beja,38.02035,-7.94715,0,0,1,,,"eaac20e6-2842-4741-894d-5d4b35c27820:956,704,997,752; b7fb2d0e-3825-4a3f-bb9a-099be2bd9d43:1181,402,1228,454; 21586605-1864-472c-962b-0849227ca789:641,526,685,569; 1d2dda41-4633-43b6-a337-07d3c8595923:1063,212,1101,264; 52428778-88a8-4a9a-88c5-eb3c1657fdd7:959,600,994,647; 89910467-98b1-4601-b1bc-5ed663a2e8b6:818,163,857,213",,,0.76; 0.76; 0.74; 0.72; 0.72; 0.71,0,0,0,0,0,0,0,8,16
image_20250821091844_ppp0.jpg,2025-08-21T08:21:36.346Z,PLACA_20250901092745,Beja,38.02035,-7.94715,0,0,0,,,"21586605-1864-472c-962b-0849227ca789:640,529,684,567",,,0.73,0,0,0,0,0,0,0,8,16
image_20250821091519_ppp0.jpg,2025-08-21T08:17:41.009Z,PLACA_20250901092745,Beja,38.02035,-7.94715,0,0,0,,,"21586605-1864-472c-962b-0849227ca789:640,530,683,568",,,0.75,0,0,0,0,0,0,0,8,16
image_20250822211929_ppp0.jpg,2025-08-22T20:19:36.369Z,PLACA_20250901092745,Beja,38.02035,-7.94715,0,0,0,,,"eaac20e6-2842-4741-894d-5d4b35c27820:956,704,997,752; b7fb2d0e-3825-4a3f-bb9a-099be2bd9d43:1181,402,1228,456; 21586605-1864-472c-962b-0849227ca789:643,527,684,569; fae27c17-a504-48df-8285-5741e3bcce0a:621,442,652,487; 1d2dda41-4633-43b6-a337-07d3c8595923:1064,211,1100,264",,,0.77; 0.75; 0.74; 0.73; 0.73,0,0,0,0,0,0,0,8,16
image_20250822091202_ppp0.jpg,2025-08-22T08:12:09.397Z,PLACA_20250901092745,Beja,38.02035,-7.94715,0,0,0,,,,,,,0,0,0,0,0,0,0,8,16
image_20250823090711_ppp0.jpg,2025-08-23T08:12:57.849Z,PLACA_20250901092745,Beja,38.02035,-7.94715,0,0,0,,,,,,,0,0,0,0,0,0,0,8,16
image_20250823213214_ppp0.jpg,2025-08-23T20:32:21.755Z,PLACA_20250901092745,Beja,38.02035,-7.94715,0,0,0,,,"eaac20e6-2842-4741-894d-5d4b35c27820:956,704,997,753; b7fb2d0e-3825-4a3f-bb9a-099be2bd9d43:1181,401,1228,455; 21586605-1864-472c-962b-0849227ca789:641,526,684,568; 89910467-98b1-4601-b1bc-5ed663a2e8b6:817,161,855,212; 1d2dda41-4633-43b6-a337-07d3c8595923:1064,211,1100,264",,,0.77; 0.75; 0.74; 0.73; 0.71,0,0,0,0,0,0,0,8,16
image_20250823091321_ppp0.jpg,2025-08-23T08:22:32.866Z,PLACA_20250901092745,Beja,38.02035,-7.94715,0,0,0,,,,,,,0,0,0,0,0,0,0,8,16
image_20250823090628_ppp0.jpg,2025-08-23T08:06:35.246Z,PLACA_20250901092745,Beja,38.02035,-7.94715,0,0,0,,,,,,,0,0,0,0,0,0,0,8,16
image_20250824092420_ppp0.jpg,2025-08-24T08:37:35.382Z,PLACA_20250901092745,Beja,38.02035,-7.94715,0,0,0,,,"21586605-1864-472c-962b-0849227ca789:640,529,683,569; eaac20e6-2842-4741-894d-5d4b35c27820:956,709,998,751",,,0.75; 0.71,0,0,0,0,0,0,0,8,16
image_20250824092407_ppp0.jpg,2025-08-24T08:24:14.527Z,PLACA_20250901092745,Beja,38.02035,-7.94715,0,0,1,,,"21586605-1864-472c-962b-0849227ca789:641,529,681,567; eaac20e6-2842-4741-894d-5d4b35c27820:956,709,997,751; 0ee5110c-3a0d-4aeb-aae4-c508544b4d04:695,625,726,673",,,0.77; 0.75; 0.73,0,0,0,0,0,0,0,8,16
image_20250824214658_ppp0.jpg,2025-08-24T20:47:06.062Z,PLACA_20250901092745,Beja,38.02035,-7.94715,0,0,0,,,"b7fb2d0e-3825-4a3f-bb9a-099be2bd9d43:1181,402,1227,454; eaac20e6-2842-4741-894d-5d4b35c27820:956,703,996,752; fae27c17-a504-48df-8285-5741e3bcce0a:621,442,651,486; 21586605-1864-472c-962b-0849227ca789:642,526,684,568; 1d2dda41-4633-43b6-a337-07d3c8595923:1063,213,1099,264; 89910467-98b1-4601-b1bc-5ed663a2e8b6:818,163,857,214",,,0.77; 0.77; 0.75; 0.75; 0.72; 0.72,0,0,0,0,0,0,0,8,16
image_20250824093758_ppp0.jpg,2025-08-24T08:39:24.049Z,PLACA_20250901092745,Beja,38.02035,-7.94715,0,0,0,,,,,,,0,0,0,0,0,0,0,8,16
image_20250825091834_ppp0.jpg,2025-08-25T08:23:31.092Z,PLACA_20250901092745,Beja,38.02035,-7.94715,0,0,0,,,,,,,0,0,0,0,0,0,2,8,16
image_20250825090911_ppp0.jpg,2025-08-25T08:12:46.202Z,PLACA_20250901092745,Beja,38.02035,-7.94715,0,0,0,,,,,,,0,0,0,0,0,0,2,8,16
image_20250825090618_ppp0.jpg,2025-08-25T08:08:47.923Z,PLACA_20250901092745,Beja,38.02035,-7.94715,0,0,0,,,,,,,0,0,0,0,0,0,2,8,16
image_20250825091341_ppp0.jpg,2025-08-25T08:17:01.027Z,PLACA_20250901092745,Beja,38.02035,-7.94715,0,0,0,,,,,,,0,0,0,0,0,0,2,8,16
image_20250825091903_ppp0.jpg,2025-08-25T08:26:36.812Z,PLACA_20250901092745,Beja,38.02035,-7.94715,0,0,0,,,,,,,0,0,0,0,0,0,2,8,16
image_20250825090346_ppp0.jpg,2025-08-25T08:05:55.796Z,PLACA_20250901092745,Beja,38.02035,-7.94715,0,0,0,,,,,,,0,0,0,0,0,0,2,8,16
image_20250825090050_ppp0.jpg,2025-08-25T08:02:51.185Z,PLACA_20250901092745,Beja,38.02035,-7.94715,0,0,0,,,,,,,0,0,0,0,0,0,2,8,16
image_20250825213412_ppp0.jpg,2025-08-25T20:34:19.928Z,PLACA_20250901092745,Beja,38.02035,-7.94715,0,0,0,,,"eaac20e6-2842-4741-894d-5d4b35c27820:956,703,997,751; b7fb2d0e-3825-4a3f-bb9a-099be2bd9d43:1181,402,1227,453; 21586605-1864-472c-962b-0849227ca789:642,526,684,567; 1d2dda41-4633-43b6-a337-07d3c8595923:1064,212,1099,263; 6443a4bc-8362-4369-aa88-23e12702161f:1088,327,1139,373",,,0.76; 0.75; 0.75; 0.72; 0.70,0,0,0,0,0,0,2,8,16
image_20250826092213_ppp0.jpg,2025-08-26T08:23:05.061Z,PLACA_20250901092745,Beja,38.02035,-7.94715,0,0,0,,,,,,,0,0,0,0,0,0,2,8,16
image_20250826213044_ppp0.jpg,2025-08-26T20:30:51.426Z,PLACA_20250901092745,Beja,38.02035,-7.94715,0,0,0,,,"eaac20e6-2842-4741-894d-5d4b35c27820:955,703,997,750; b7fb2d0e-3825-4a3f-bb9a-099be2bd9d43:1181,403,1227,451; 21586605-1864-472c-962b-0849227ca789:642,527,684,566; 1d2dda41-4633-43b6-a337-07d3c8595923:1064,212,1100,262; 6443a4bc-8362-4369-aa88-23e12702161f:1090,327,1139,372",,,0.76; 0.75; 0.75; 0.72; 0.71,0,0,0,0,0,0,2,8,16
image_20250826091036_ppp0.jpg,2025-08-26T08:15:43.391Z,PLACA_20250901092745,Beja,38.02035,-7.94715,0,0,0,,,,,,,0,0,0,0,0,0,2,8,16
image_20250826091722_ppp0.jpg,2025-08-26T08:21:17.947Z,PLACA_20250901092745,Beja,38.02035,-7.94715,0,0,0,,,,,,,0,0,0,0,0,0,2,8,16
image_20250827090438_ppp0.jpg,2025-08-27T08:11:23.570Z,PLACA_20250901092745,Beja,38.02035,-7.94715,0,0,0,,,,,,,0,0,0,0,0,0,2,8,17
image_20250827090425_ppp0.jpg,2025-08-27T08:04:32.629Z,PLACA_20250901092745,Beja,38.02035,-7.94715,0,0,0,,,,,,,0,0,0,0,0,0,2,8,17
image_20250827211929_ppp0.jpg,2025-08-27T20:19:36.291Z,PLACA_20250901092745,Beja,38.02035,-7.94715,0,0,6,,,"eaac20e6-2842-4741-894d-5d4b35c27820:953,703,995,753; 21586605-1864-472c-962b-0849227ca789:642,525,683,567; eaac20e6-2842-4741-894d-5d4b35c27820:931,744,977,799; 1d2dda41-4633-43b6-a337-07d3c8595923:1064,211,1099,261; b7fb2d0e-3825-4a3f-bb9a-099be2bd9d43:1183,402,1227,451; e98c85a4-e506-4454-9288-2538226ef9f5:1024,1005,1057,1056; 89910467-98b1-4601-b1bc-5ed663a2e8b6:817,160,855,210; 6443a4bc-8362-4369-aa88-23e12702161f:1091,326,1137,373",,,0.76; 0.76; 0.76; 0.73; 0.71; 0.71; 0.70; 0.70,0,0,0,0,0,0,2,8,17
image_20250828090116_ppp0.jpg,2025-08-28T08:01:24.171Z,PLACA_20250901092745,Beja,38.02035,-7.94715,0,0,0,,,,,,,0,0,0,0,0,0,2,8,17
image_20250828090418_ppp0.jpg,2025-08-28T20:09:29.105Z,PLACA_20250901092745,Beja,38.02035,-7.94715,0,0,0,,,,,,,0,0,0,0,0,0,2,8,17
image_20250829212830_ppp0.jpg,2025-08-29T20:28:37.886Z,PLACA_20250901092745,Beja,38.02035,-7.94715,0,0,0,,,,,,,0,0,0,0,0,0,2,8,17
image_20250829091126_ppp0.jpg,2025-08-29T08:14:03.109Z,PLACA_20250901092745,Beja,38.02035,-7.94715,0,0,0,,,,,,,0,0,0,0,0,0,2,8,17
image_20250829091207_ppp0.jpg,2025-08-29T08:20:44.624Z,PLACA_20250901092745,Beja,38.02035,-7.94715,0,0,0,,,,,,,0,0,0,0,0,0,2,8,17
image_20250829091009_ppp0.jpg,2025-08-29T08:10:17.263Z,PLACA_20250901092745,Beja,38.02035,-7.94715,0,0,0,,,,,,,0,0,0,0,0,0,2,8,17
image_20250830090326_ppp0.jpg,2025-08-30T08:10:07.819Z,PLACA_20250901092745,Beja,38.02035,-7.94715,0,0,0,,,,,,,0,0,0,0,0,0,2,8,17
image_20250830091706_ppp0.jpg,2025-08-30T08:20:29.263Z,PLACA_20250901092745,Beja,38.02035,-7.94715,0,0,0,,,,,,,0,0,0,0,0,0,2,8,17
image_20250830091450_ppp0.jpg,2025-08-30T08:16:03.396Z,PLACA_20250901092745,Beja,38.02035,-7.94715,0,0,0,,,,,,,0,0,0,0,0,0,2,8,17
image_20250830091228_ppp0.jpg,2025-08-30T08:14:27.252Z,PLACA_20250901092745,Beja,38.02035,-7.94715,0,0,0,,,,,,,0,0,0,0,0,0,2,8,17
image_20250830212802_ppp0.jpg,2025-08-30T20:28:09.410Z,PLACA_20250901092745,Beja,38.02035,-7.94715,0,0,0,,,"88b46bfc-0d59-497d-aece-7f4ac68d48fc:835,635,887,675",,,0.72,0,0,0,0,0,0,2,8,17
image_20250830091030_ppp0.jpg,2025-08-30T08:12:05.115Z,PLACA_20250901092745,Beja,38.02035,-7.94715,0,0,0,,,,,,,0,0,0,0,0,0,2,8,17
image_20250831093642_ppp0.jpg,2025-08-31T08:36:49.879Z,PLACA_20250901092745,Beja,38.02035,-7.94715,0,0,0,,,,,,,0,0,0,0,0,0,2,8,18
image_20250831214359_ppp0.jpg,2025-08-31T20:44:06.598Z,PLACA_20250901092745,Beja,38.02035,-7.94715,0,0,0,,,"13b346ba-ed14-4ab0-b411-29ac32b81799:1256,526,1294,578",,,0.72,0,0,0,0,0,0,2,8,18
image_20250901091346_ppp0.jpg,2025-09-01T08:13:53.194Z,PLACA_20250901092745,Beja,38.02035,-7.94715,0,0,0,,,,,,,0,0,0,0,0,0,0,0,18
image_20250901212138_ppp0.jpg,2025-09-01T20:21:45.885Z,PLACA_20250901092745,Beja,38.02035,-7.94715,0,0,0,,,"88b46bfc-0d59-497d-aece-7f4ac68d48fc:835,634,884,690",,,0.76,0,0,0,0,0,0,0,0,18
image_20250902212043_ppp0.jpg,2025-09-02T20:20:50.733Z,PLACA_20250901092745,Beja,38.02035,-7.94715,0,0,0,,,"88b46bfc-0d59-497d-aece-7f4ac68d48fc:837,632,885,683",,,0.74,0,0,0,0,0,0,0,0,18
image_20250902091301_ppp0.jpg,2025-09-02T08:13:08.928Z,PLACA_20250901092745,Beja,38.02035,-7.94715,0,0,0,,,,,,,0,0,0,0,0,0,0,0,18
image_20250902212432_ppp0.jpg,2025-09-03T08:06:54.876Z,PLACA_20250901092745,Beja,38.02035,-7.94715,0,0,0,,,,,,,0,0,0,0,0,0,0,0,18
image_20250903212741_ppp0.jpg,2025-09-03T20:27:48.916Z,PLACA_20250901092745,Beja,38.02035,-7.94715,0,0,0,,,"88b46bfc-0d59-497d-aece-7f4ac68d48fc:834,632,886,684",,,0.75,0,0,0,0,0,0,0,0,18
image_20250903090708_ppp0.jpg,2025-09-03T08:08:05.629Z,PLACA_20250901092745,Beja,38.02035,-7.94715,0,0,0,,,,,,,0,0,0,0,0,0,0,0,18
image_20250903091211_ppp0.jpg,2025-09-03T08:19:14.089Z,PLACA_20250901092745,Beja,38.02035,-7.94715,0,0,0,,,,,,,0,0,0,0,0,0,0,0,18
image_20250904091236_ppp0.jpg,2025-09-04T08:18:26.336Z,PLACA_20250901092745,Beja,38.02035,-7.94715,0,0,0,,,,,,,0,0,0,0,0,0,0,0,18
image_20250904213051_ppp0.jpg,2025-09-04T20:30:59.078Z,PLACA_20250901092745,Beja,38.02035,-7.94715,0,0,0,,,"88b46bfc-0d59-497d-aece-7f4ac68d48fc:834,634,885,686",,,0.75,0,0,0,0,0,0,0,0,18
image_20250904091046_ppp0.jpg,2025-09-04T08:10:54.029Z,PLACA_20250901092745,Beja,38.02035,-7.94715,0,0,0,,,,,,,0,0,0,0,0,0,0,0,18
image_20250904092002_ppp0.jpg,2025-09-04T08:23:16.892Z,PLACA_20250901092745,Beja,38.02035,-7.94715,0,0,0,,,,,,,0,0,0,0,0,0,0,0,18
image_20250905085739_ppp0.jpg,2025-09-05T08:04:57.168Z,PLACA_20250901092745,Beja,38.02035,-7.94715,0,0,0,,,,,,,0,0,0,0,0,0,0,0,18
image_20250905090833_ppp0.jpg,2025-09-05T20:13:35.250Z,PLACA_20250901092745,Beja,38.02035,-7.94715,0,0,0,,,"88b46bfc-0d59-497d-aece-7f4ac68d48fc:833,633,885,687",,,0.75,0,0,0,0,0,0,0,0,18
image_20250906091354_ppp0.jpg,2025-09-06T08:19:54.118Z,PLACA_20250901092745,Beja,38.02035,-7.94715,0,0,0,,,,,,,0,0,0,0,0,0,0,0,18
image_20250906212753_ppp0.jpg,2025-09-06T20:28:00.898Z,PLACA_20250901092745,Beja,38.02035,-7.94715,0,0,0,,,"88b46bfc-0d59-497d-aece-7f4ac68d48fc:840,630,891,680; 21586605-1864-472c-962b-0849227ca789:642,534,689,594",,,0.73; 0.72,0,0,0,0,0,0,0,0,18
image_20250906091311_ppp0.jpg,2025-09-06T08:13:18.262Z,PLACA_20250901092745,Beja,38.02035,-7.94715,0,0,0,,,,,,,0,0,0,0,0,0,0,0,18
image_20250907125904_ppp0.jpg,2025-09-07T12:31:36.224Z,PLACA_20250901092745,Beja,38.02035,-7.94715,0,0,0,,,"21586605-1864-472c-962b-0849227ca789:643,536,689,593; 88b46bfc-0d59-497d-aece-7f4ac68d48fc:840,631,894,681; 13b346ba-ed14-4ab0-b411-29ac32b81799:1268,531,1305,577",,,0.73; 0.73; 0.72,0,0,0,0,0,0,0,0,18
image_20250908085213_ppp0.jpg,2025-09-08T07:52:20.507Z,PLACA_20250901092745,Beja,38.02035,-7.94715,0,0,0,,,,,,,0,0,0,0,0,0,0,0,18
image_20250908091802_ppp0.jpg,2025-09-08T20:23:26.786Z,PLACA_20250901092745,Beja,38.02035,-7.94715,0,0,0,,,"88b46bfc-0d59-497d-aece-7f4ac68d48fc:834,633,885,683; fae27c17-a504-48df-8285-5741e3bcce0a:615,389,657,447",,,0.76; 0.75,0,0,0,0,0,0,0,0,18
image_20250908085338_ppp0.jpg,2025-09-08T08:09:37.848Z,PLACA_20250901092745,Beja,38.02035,-7.94715,0,0,0,,,,,,,0,0,0,0,0,0,0,0,18
image_20250908091103_ppp0.jpg,2025-09-08T08:15:21.800Z,PLACA_20250901092745,Beja,38.02035,-7.94715,0,0,0,,,,,,,0,0,0,0,0,0,0,0,18
image_20250909085917_ppp0.jpg,2025-09-09T08:06:07.837Z,PLACA_20250901092745,Beja,38.02035,-7.94715,0,0,0,,,,,,,0,0,0,0,0,0,0,0,18
image_20250909211957_ppp0.jpg,2025-09-09T20:20:04.957Z,PLACA_20250901092745,Beja,38.02035,-7.94715,0,0,0,,,"88b46bfc-0d59-497d-aece-7f4ac68d48fc:834,632,882,686; fae27c17-a504-48df-8285-5741e3bcce0a:615,388,655,449",,,0.75; 0.73,0,0,0,0,0,0,0,0,18
image_20250909090700_ppp0.jpg,2025-09-09T08:12:11.076Z,PLACA_20250901092745,Beja,38.02035,-7.94715,0,0,0,,,,,,,0,0,0,0,0,0,0,0,18
image_20250910223427_ppp0.jpg,2025-09-10T21:34:34.983Z,PLACA_20250901092745,Beja,38.02035,-7.94715,0,0,0,,,"fae27c17-a504-48df-8285-5741e3bcce0a:639,362,679,422",,,0.70,0,0,0,0,0,0,0,0,18
image_20250910102210_ppp0.jpg,2025-09-10T09:26:37.568Z,PLACA_20250901092745,Beja,38.02035,-7.94715,0,0,0,,,,,,,0,0,0,0,0,0,0,0,18
image_20250909212259_ppp0.jpg,2025-09-10T09:20:53.257Z,PLACA_20250901092745,Beja,38.02035,-7.94715,0,0,0,,,,,,,0,0,0,0,0,0,0,0,18
image_20250911084934_ppp0.jpg,2025-09-11T07:49:41.669Z,PLACA_20250901092745,Beja,38.02035,-7.94715,0,0,3,,,"fae27c17-a504-48df-8285-5741e3bcce0a:639,365,681,413; 88b46bfc-0d59-497d-aece-7f4ac68d48fc:844,621,899,669; 13b346ba-ed14-4ab0-b411-29ac32b81799:1274,542,1317,591; 21586605-1864-472c-962b-0849227ca789:643,511,699,571; d7d8020b-1bb5-4ae8-8818-f69c525921e1:985,76,1037,120",,,0.74; 0.73; 0.73; 0.73; 0.72,0,0,0,0,0,0,0,0,18
image_20250911090423_ppp0.jpg,2025-09-11T08:08:53.322Z,PLACA_20250901092745,Beja,38.02035,-7.94715,0,0,0,,,,,,,0,0,0,0,0,0,0,0,18
image_20250911085714_ppp0.jpg,2025-09-11T07:59:18.909Z,PLACA_20250901092745,Beja,38.02035,-7.94715,0,0,0,,,"21586605-1864-472c-962b-0849227ca789:644,513,699,570",,,0.71,0,0,0,0,0,0,0,0,18
image_20250911211918_ppp0.jpg,2025-09-11T20:19:25.701Z,PLACA_20250901092745,Beja,38.02035,-7.94715,0,0,1,,,"fae27c17-a504-48df-8285-5741e3bcce0a:638,362,678,425",,,0.74,0,0,0,0,0,0,0,0,18
image_20250912212032_ppp0.jpg,2025-09-12T20:20:40.013Z,PLACA_20250901092745,Beja,38.02035,-7.94715,0,0,0,,,"fae27c17-a504-48df-8285-5741e3bcce0a:637,362,678,426",,,0.73,0,0,0,0,0,0,0,0,18
image_20250912090736_ppp0.jpg,2025-09-12T08:08:24.392Z,PLACA_20250901092745,Beja,38.02035,-7.94715,0,0,0,,,,,,,0,0,0,0,0,0,0,0,18
image_20250912090735_ppp0.jpg,2025-09-12T08:12:24.844Z,PLACA_20250901092745,Beja,38.02035,-7.94715,0,0,0,,,,,,,0,0,0,0,0,0,0,0,18
image_20250912090723_ppp0.jpg,2025-09-12T08:07:30.548Z,PLACA_20250901092745,Beja,38.02035,-7.94715,0,0,1,,,"21586605-1864-472c-962b-0849227ca789:647,518,697,566",,,0.71,0,0,0,0,0,0,0,0,18
image_20250913212019_ppp0.jpg,2025-09-13T20:20:28.044Z,PLACA_20250901092745,Beja,38.02035,-7.94715,0,0,0,,,"fae27c17-a504-48df-8285-5741e3bcce0a:636,362,679,427",,,0.76,0,0,0,0,0,0,0,0,18
image_20250913090504_ppp0.jpg,2025-09-13T08:07:43.006Z,PLACA_20250901092745,Beja,38.02035,-7.94715,0,0,0,,,,,,,0,0,0,0,0,0,0,0,18
image_20250913090859_ppp0.jpg,2025-09-13T08:12:22.933Z,PLACA_20250901092745,Beja,38.02035,-7.94715,0,0,0,,,,,,,0,0,0,0,0,0,0,0,18
image_20250914090137_ppp0.jpg,2025-09-14T08:05:38.329Z,PLACA_20250901092745,Beja,38.02035,-7.94715,0,0,0,,,,,,,0,0,0,0,0,0,0,0,18
image_20250914090640_ppp0.jpg,2025-09-14T08:10:11.991Z,PLACA_20250901092745,Beja,38.02035,-7.94715,0,0,0,,,,,,,0,0,0,0,0,0,0,0,18
image_20250914085238_ppp0.jpg,2025-09-14T08:00:09.307Z,PLACA_20250901092745,Beja,38.02035,-7.94715,0,0,0,,,,,,,0,0,0,0,0,0,0,0,18
image_20250914091313_ppp0.jpg,2025-09-14T20:18:03.900Z,PLACA_20250901092745,Beja,38.02035,-7.94715,0,0,0,,,"fae27c17-a504-48df-8285-5741e3bcce0a:636,363,679,427",,,0.73,0,0,0,0,0,0,0,0,18
image_20250915085917_ppp0.jpg,2025-09-15T08:05:46.897Z,PLACA_20250901092745,Beja,38.02035,-7.94715,0,0,0,,,"21586605-1864-472c-962b-0849227ca789:643,519,693,570; fae27c17-a504-48df-8285-5741e3bcce0a:638,370,677,416",,,0.73; 0.70,0,0,0,0,0,0,0,0,18
image_20250915211550_ppp0.jpg,2025-09-15T20:15:57.805Z,PLACA_20250901092745,Beja,38.02035,-7.94715,0,0,0,,,,,,,0,0,0,0,0,0,0,0,18
image_20250915085957_ppp0.jpg,2025-09-15T08:08:13.738Z,PLACA_20250901092745,Beja,38.02035,-7.94715,0,0,0,,,"21586605-1864-472c-962b-0849227ca789:643,520,695,568",,,0.72,0,0,0,0,0,0,0,0,18
image_20250916211808_ppp0.jpg,2025-09-16T20:18:15.329Z,PLACA_20250901092745,Beja,38.02035,-7.94715,0,0,0,,,"88b46bfc-0d59-497d-aece-7f4ac68d48fc:843,622,894,670; fae27c17-a504-48df-8285-5741e3bcce0a:636,365,678,425",,,0.74; 0.70,0,0,0,0,0,0,0,0,18
image_20250916091022_ppp0.jpg,2025-09-16T08:10:29.016Z,PLACA_20250901092745,Beja,38.02035,-7.94715,0,0,0,,,,,,,0,0,0,0,0,0,0,0,18
image_20250917212036_ppp0.jpg,2025-09-17T20:20:43.786Z,PLACA_20250901092745,Beja,38.02035,-7.94715,0,0,0,,,"88b46bfc-0d59-497d-aece-7f4ac68d48fc:842,623,892,669",,,0.77,0,0,0,0,0,0,0,0,18
image_20250917091314_ppp0.jpg,2025-09-17T08:13:21.810Z,PLACA_20250901092745,Beja,38.02035,-7.94715,0,0,0,,,,,,,0,0,0,0,0,0,0,0,18
image_20250918090956_ppp0.jpg,2025-09-18T08:10:03.523Z,PLACA_20250901092745,Beja,38.02035,-7.94715,0,0,0,,,"21586605-1864-472c-962b-0849227ca789:645,521,691,566",,,0.72,0,0,0,0,0,0,0,0,18
image_20250918211735_ppp0.jpg,2025-09-18T20:17:42.919Z,PLACA_20250901092745,Beja,38.02035,-7.94715,0,0,0,,,"88b46bfc-0d59-497d-aece-7f4ac68d48fc:844,623,893,669",,,0.76,0,0,0,0,0,0,0,0,18
